i,direction,te,ete,se,p,history length
Normal 1,L->R,0.015404168,0.012236579,0.001199324,0,1
Normal 1,R->L,0.006828747,0.003571633,0.001221512,0,1
Normal 1,L->R,0.034465002,0.020021836,0.003090703,0,2
Normal 1,R->L,0.032844564,0.020252859,0.002922203,0,2
Normal 1,L->R,0.040868712,0.011461303,0.004752019,0,3
Normal 1,R->L,0.039520876,0.015932327,0.004970651,0,3
Normal 1,L->R,0.048296594,0.005236723,0.005217829,0,4
Normal 1,R->L,0.040611014,0.008103654,0.005975144,0.05,4
Normal 1,L->R,0.047990807,0,0.006049645,0.02,5
Normal 1,R->L,0.042387824,0.003885428,0.007606489,0.24,5
Normal 1,L->R,0.050004837,0,0.008004856,0.17,6
Normal 1,R->L,0.047753203,0.002006865,0.008067533,0.34,6
Normal 1,L->R,0.048431834,0,0.007666288,0.65,7
Normal 1,R->L,0.052811945,0.000961463,0.009894189,0.42,7
Normal 1,L->R,0.048185813,0,0.009073106,0.87,8
Normal 1,R->L,0.050553524,0,0.010176716,0.78,8
Normal 1,L->R,0.045177535,0,0.00973792,0.95,9
Normal 1,R->L,0.051059491,0,0.0104325,0.94,9
Normal 1,L->R,0.040855683,0,0.00925647,1,10
Normal 1,R->L,0.052626164,0,0.010891613,0.99,10
Normal 1,L->R,0.040855963,0,0.009416925,1,11
Normal 1,R->L,0.051840848,0,0.010741767,1,11
Normal 1,L->R,0.04096949,0,0.009439763,1,12
Normal 1,R->L,0.053207764,0,0.010405026,1,12
Normal 1,L->R,0.040789399,0,0.009595548,1,13
Normal 1,R->L,0.053357487,0,0.009431071,1,13
Normal 1,L->R,0.042069959,0,0.009684334,1,14
Normal 1,R->L,0.050234306,0,0.00921527,1,14
Normal 1,L->R,0.039878419,0,0.008869364,1,15
Normal 1,R->L,0.047515764,0,0.008572413,1,15
Normal 1,L->R,0.035693433,0,0.009356885,1,16
Normal 1,R->L,0.048116938,0,0.008621341,1,16
Normal 1,L->R,0.031740758,0,0.009171033,1,17
Normal 1,R->L,0.046035727,0,0.007853829,1,17
Normal 1,L->R,0.0314672,0,0.008474007,1,18
Normal 1,R->L,0.044833782,0,0.008813109,1,18
Normal 1,L->R,0.032909409,0,0.008230395,1,19
Normal 1,R->L,0.044958091,0,0.008264181,1,19
Normal 1,L->R,0.032465147,0,0.008231514,1,20
Normal 1,R->L,0.045026759,0,0.009031156,1,20
Normal 2,L->R,0.007750094,0.004213035,0.001503431,0.02,1
Normal 2,R->L,0.013875118,0.010716098,0.00120238,0,1
Normal 2,L->R,0.015757002,0.001981934,0.003110718,0.11,2
Normal 2,R->L,0.019895091,0.008036338,0.002982815,0.01,2
Normal 2,L->R,0.032396807,0.001992074,0.004915697,0.03,3
Normal 2,R->L,0.031920122,0.00820344,0.004063956,0.01,3
Normal 2,L->R,0.046778323,0,0.006487027,0,4
Normal 2,R->L,0.043488285,0.008773852,0.006828869,0.03,4
Normal 2,L->R,0.054900386,0,0.007739212,0.01,5
Normal 2,R->L,0.046485212,0.003787055,0.007949121,0.14,5
Normal 2,L->R,0.051495124,0,0.007874688,0.28,6
Normal 2,R->L,0.045577293,0,0.008916172,0.53,6
Normal 2,L->R,0.051137727,0,0.008368429,0.65,7
Normal 2,R->L,0.04888119,0,0.010450227,0.7,7
Normal 2,L->R,0.047066096,0,0.00912599,0.97,8
Normal 2,R->L,0.047501768,0,0.00987876,0.93,8
Normal 2,L->R,0.039149017,0,0.010034092,1,9
Normal 2,R->L,0.044081514,0,0.011967294,0.97,9
Normal 2,L->R,0.038252997,0,0.009698069,1,10
Normal 2,R->L,0.042655453,0,0.009601433,1,10
Normal 2,L->R,0.034931261,0,0.008688657,1,11
Normal 2,R->L,0.038441202,0,0.010650334,1,11
Normal 2,L->R,0.03322466,0,0.009609994,1,12
Normal 2,R->L,0.033768183,0,0.010496617,1,12
Normal 2,L->R,0.032617281,0,0.00851473,1,13
Normal 2,R->L,0.032031387,0,0.01021113,1,13
Normal 2,L->R,0.033253293,0,0.00925531,1,14
Normal 2,R->L,0.029970597,0,0.009078606,1,14
Normal 2,L->R,0.034526262,0,0.008385153,1,15
Normal 2,R->L,0.028422166,0,0.009203358,1,15
Normal 2,L->R,0.033637678,0,0.007757641,1,16
Normal 2,R->L,0.024411216,0,0.008100935,1,16
Normal 2,L->R,0.033007561,0,0.008275492,1,17
Normal 2,R->L,0.021578779,0,0.007535689,1,17
Normal 2,L->R,0.033187331,0,0.008210548,1,18
Normal 2,R->L,0.021635842,0,0.008501004,1,18
Normal 2,L->R,0.036880448,0,0.007750429,1,19
Normal 2,R->L,0.021238802,0,0.00766601,1,19
Normal 2,L->R,0.036775153,0,0.008375851,1,20
Normal 2,R->L,0.020665471,0,0.008362679,1,20
Normal 3,L->R,0.034985982,0.03078301,0.001299875,0,1
Normal 3,R->L,0.032030861,0.027848919,0.001477125,0,1
Normal 3,L->R,0.061051807,0.041983752,0.003627192,0,2
Normal 3,R->L,0.056583106,0.041605427,0.00342626,0,2
Normal 3,L->R,0.064841642,0.030645728,0.007045158,0,3
Normal 3,R->L,0.044984835,0.020305061,0.007403816,0.02,3
Normal 3,L->R,0.050326422,0.006316189,0.008829598,0.02,4
Normal 3,R->L,0.040863439,0.011885424,0.009550984,0.3,4
Normal 3,L->R,0.041293982,0,0.008396533,0.25,5
Normal 3,R->L,0.032306847,0.000636781,0.009259724,0.78,5
Normal 3,L->R,0.046200846,0,0.008000775,0.25,6
Normal 3,R->L,0.032908489,0,0.011060804,0.89,6
Normal 3,L->R,0.042832757,0,0.009498554,0.41,7
Normal 3,R->L,0.035746927,0.001948749,0.010403476,0.86,7
Normal 3,L->R,0.040780234,0,0.008154764,0.32,8
Normal 3,R->L,0.032867291,0,0.008994902,0.87,8
Normal 3,L->R,0.04177489,0,0.008534239,0.66,9
Normal 3,R->L,0.028921111,0,0.01040601,1,9
Normal 3,L->R,0.03961851,0,0.008955587,0.95,10
Normal 3,R->L,0.02665226,0,0.011846733,1,10
Normal 3,L->R,0.036365713,0,0.008613475,0.98,11
Normal 3,R->L,0.02448623,0,0.011214446,1,11
Normal 3,L->R,0.035652332,0,0.00834967,0.99,12
Normal 3,R->L,0.022701441,0,0.010260734,1,12
Normal 3,L->R,0.029182154,0,0.008279888,1,13
Normal 3,R->L,0.021498997,0,0.010258664,1,13
Normal 3,L->R,0.023907222,0,0.007128616,1,14
Normal 3,R->L,0.021451911,0,0.00944935,1,14
Normal 3,L->R,0.023273194,0,0.006843949,1,15
Normal 3,R->L,0.019606105,0,0.010000726,1,15
Normal 3,L->R,0.020812734,0,0.008281417,1,16
Normal 3,R->L,0.019543984,0,0.009453977,1,16
Normal 3,L->R,0.020824785,0,0.007514333,1,17
Normal 3,R->L,0.020350224,0,0.008493675,1,17
Normal 3,L->R,0.019917362,0,0.00705986,1,18
Normal 3,R->L,0.020272489,0,0.00669259,1,18
Normal 3,L->R,0.019929643,0,0.007060047,1,19
Normal 3,R->L,0.020094346,0,0.007653116,1,19
Normal 3,L->R,0.019060254,0,0.007086124,1,20
Normal 3,R->L,0.019729796,0,0.00723762,1,20
Exaggerated 1,L->R,0.016744159,0.01266148,0.001424726,0,1
Exaggerated 1,R->L,0.005144599,0.00183268,0.001286496,0.09,1
Exaggerated 1,L->R,0.035387071,0.020236671,0.00322858,0,2
Exaggerated 1,R->L,0.026909608,0.013881187,0.002911251,0,2
Exaggerated 1,L->R,0.041748568,0.01335686,0.00485424,0,3
Exaggerated 1,R->L,0.032305976,0.009567184,0.004780583,0.01,3
Exaggerated 1,L->R,0.049713783,0.009100493,0.005781564,0,4
Exaggerated 1,R->L,0.034530941,0.003644619,0.006229993,0.14,4
Exaggerated 1,L->R,0.05355906,0.003851407,0.00800877,0.01,5
Exaggerated 1,R->L,0.030098555,0,0.007149771,0.84,5
Exaggerated 1,L->R,0.053336606,0,0.009456837,0.14,6
Exaggerated 1,R->L,0.032122143,0,0.008178796,0.94,6
Exaggerated 1,L->R,0.050212484,0,0.008305533,0.25,7
Exaggerated 1,R->L,0.035952441,0,0.010052798,0.96,7
Exaggerated 1,L->R,0.051332111,0,0.008149556,0.5,8
Exaggerated 1,R->L,0.037387283,0,0.009157509,1,8
Exaggerated 1,L->R,0.048173478,0,0.00860527,0.86,9
Exaggerated 1,R->L,0.037635413,0,0.008759533,1,9
Exaggerated 1,L->R,0.046071449,0,0.009577983,0.96,10
Exaggerated 1,R->L,0.040346003,0,0.010690801,1,10
Exaggerated 1,L->R,0.05026214,0,0.009366062,0.95,11
Exaggerated 1,R->L,0.039941389,0,0.009298722,1,11
Exaggerated 1,L->R,0.046600532,0,0.009860377,0.99,12
Exaggerated 1,R->L,0.042528455,0,0.009303679,1,12
Exaggerated 1,L->R,0.043719916,0,0.008897585,1,13
Exaggerated 1,R->L,0.041353807,0,0.007953207,1,13
Exaggerated 1,L->R,0.040539257,0,0.008818715,1,14
Exaggerated 1,R->L,0.040402096,0,0.008654918,1,14
Exaggerated 1,L->R,0.038591899,0,0.00775047,1,15
Exaggerated 1,R->L,0.037763247,0,0.008183313,1,15
Exaggerated 1,L->R,0.0363438,0,0.008016777,1,16
Exaggerated 1,R->L,0.037351001,0,0.007194841,1,16
Exaggerated 1,L->R,0.03603398,0,0.007304784,1,17
Exaggerated 1,R->L,0.036766391,0,0.00733954,1,17
Exaggerated 1,L->R,0.037150273,0,0.006891504,1,18
Exaggerated 1,R->L,0.032423766,0,0.008153732,1,18
Exaggerated 1,L->R,0.032181678,0,0.008227756,1,19
Exaggerated 1,R->L,0.032061928,0,0.007444861,1,19
Exaggerated 1,L->R,0.027656023,0,0.008016283,1,20
Exaggerated 1,R->L,0.028230904,0,0.007523449,1,20
Exaggerated 2,L->R,0.011847897,0.008289432,0.001424261,0,1
Exaggerated 2,R->L,0.004904391,0.001538692,0.001152727,0.05,1
Exaggerated 2,L->R,0.025871281,0.012235256,0.002504965,0,2
Exaggerated 2,R->L,0.014903568,0.002561428,0.003301623,0.17,2
Exaggerated 2,L->R,0.034121862,0.008123672,0.004716956,0.01,3
Exaggerated 2,R->L,0.02721645,0.003330456,0.004650697,0.12,3
Exaggerated 2,L->R,0.036917124,0,0.006949761,0.14,4
Exaggerated 2,R->L,0.03451366,0.001095217,0.005288485,0.12,4
Exaggerated 2,L->R,0.045263217,0,0.007619339,0.12,5
Exaggerated 2,R->L,0.037369606,0,0.007441643,0.45,5
Exaggerated 2,L->R,0.044455647,0,0.008167238,0.47,6
Exaggerated 2,R->L,0.038497391,0,0.008035992,0.83,6
Exaggerated 2,L->R,0.042979689,0,0.007731516,0.84,7
Exaggerated 2,R->L,0.040435134,0,0.009765286,0.94,7
Exaggerated 2,L->R,0.042362806,0,0.01013077,0.97,8
Exaggerated 2,R->L,0.041986414,0,0.011168093,1,8
Exaggerated 2,L->R,0.042312437,0,0.009589533,1,9
Exaggerated 2,R->L,0.041890306,0,0.011582527,1,9
Exaggerated 2,L->R,0.046575197,0,0.010078171,0.99,10
Exaggerated 2,R->L,0.043049174,0,0.011435733,1,10
Exaggerated 2,L->R,0.046829831,0,0.009150274,1,11
Exaggerated 2,R->L,0.044073271,0,0.01029026,1,11
Exaggerated 2,L->R,0.048611088,0,0.009296153,1,12
Exaggerated 2,R->L,0.04444106,0,0.01205177,1,12
Exaggerated 2,L->R,0.047402072,0,0.008922281,1,13
Exaggerated 2,R->L,0.044493468,0,0.010130209,1,13
Exaggerated 2,L->R,0.04732398,0,0.008622309,1,14
Exaggerated 2,R->L,0.043574206,0,0.009599982,1,14
Exaggerated 2,L->R,0.043868685,0,0.008111974,1,15
Exaggerated 2,R->L,0.044204626,0,0.008016282,1,15
Exaggerated 2,L->R,0.04420489,0,0.007997194,1,16
Exaggerated 2,R->L,0.045120454,0,0.009619806,1,16
Exaggerated 2,L->R,0.043893287,0,0.007765685,1,17
Exaggerated 2,R->L,0.045746955,0,0.009236605,1,17
Exaggerated 2,L->R,0.044209445,0,0.008010932,1,18
Exaggerated 2,R->L,0.04281724,0,0.008309054,1,18
Exaggerated 2,L->R,0.043634658,0,0.008391458,1,19
Exaggerated 2,R->L,0.040950331,0,0.007958575,1,19
Exaggerated 2,L->R,0.044734615,0,0.008084402,1,20
Exaggerated 2,R->L,0.040175407,0,0.009380652,1,20
Exaggerated 3,L->R,0.009861648,0.006499996,0.001455762,0,1
Exaggerated 3,R->L,0.008493728,0.005533511,0.001158297,0,1
Exaggerated 3,L->R,0.030497254,0.014476628,0.002942429,0,2
Exaggerated 3,R->L,0.016308101,0.005214736,0.002758507,0.04,2
Exaggerated 3,L->R,0.039880192,0.008688742,0.003868173,0,3
Exaggerated 3,R->L,0.019322482,0.000431445,0.004505096,0.39,3
Exaggerated 3,L->R,0.050301656,0.002235726,0.005716306,0,4
Exaggerated 3,R->L,0.024700115,0,0.006200489,0.65,4
Exaggerated 3,L->R,0.053598289,0,0.007067093,0,5
Exaggerated 3,R->L,0.028295892,0,0.00768564,0.93,5
Exaggerated 3,L->R,0.053691328,0,0.008207348,0.06,6
Exaggerated 3,R->L,0.031148426,0,0.009168013,0.96,6
Exaggerated 3,L->R,0.050582811,0,0.008908629,0.44,7
Exaggerated 3,R->L,0.0357932,0,0.009977495,0.97,7
Exaggerated 3,L->R,0.046505367,0,0.010307759,0.83,8
Exaggerated 3,R->L,0.037992675,0,0.010577453,0.98,8
Exaggerated 3,L->R,0.046997197,0,0.009960662,0.93,9
Exaggerated 3,R->L,0.039854711,0,0.010157838,1,9
Exaggerated 3,L->R,0.049695657,0,0.009768657,0.97,10
Exaggerated 3,R->L,0.043493746,0,0.012233912,1,10
Exaggerated 3,L->R,0.052311271,0,0.0089743,0.98,11
Exaggerated 3,R->L,0.045536035,0,0.010314708,1,11
Exaggerated 3,L->R,0.052005202,0,0.009136494,1,12
Exaggerated 3,R->L,0.047004522,0,0.009022425,1,12
Exaggerated 3,L->R,0.04969164,0,0.009272135,1,13
Exaggerated 3,R->L,0.048811467,0,0.010787901,1,13
Exaggerated 3,L->R,0.051577818,0,0.008014023,1,14
Exaggerated 3,R->L,0.049071441,0,0.009366182,1,14
Exaggerated 3,L->R,0.048969932,0,0.008307836,1,15
Exaggerated 3,R->L,0.050445102,0,0.009012905,1,15
Exaggerated 3,L->R,0.048680996,0,0.007804744,1,16
Exaggerated 3,R->L,0.048800402,0,0.009062475,1,16
Exaggerated 3,L->R,0.049100784,0,0.008171228,1,17
Exaggerated 3,R->L,0.050806826,0,0.008697392,1,17
Exaggerated 3,L->R,0.050112587,0,0.009363586,1,18
Exaggerated 3,R->L,0.049893919,0,0.007867693,1,18
Exaggerated 3,L->R,0.048263508,0,0.00864863,1,19
Exaggerated 3,R->L,0.047945221,0,0.007499749,1,19
Exaggerated 3,L->R,0.043689879,0,0.007592149,1,20
Exaggerated 3,R->L,0.048463804,0,0.008358561,1,20
Still 1,L->R,0.002164483,0,0.001404018,0.67,1
Still 1,R->L,0.011200717,0.008375172,0.001245479,0,1
Still 1,L->R,0.019332304,0.005067237,0.002456976,0,2
Still 1,R->L,0.01946377,0.008313701,0.002323204,0,2
Still 1,L->R,0.035187816,0.005089063,0.003927052,0,3
Still 1,R->L,0.03784446,0.016005482,0.003393991,0,3
Still 1,L->R,0.046100345,0,0.005459113,0,4
Still 1,R->L,0.044572507,0.012711874,0.005506807,0,4
Still 1,L->R,0.051698688,0,0.006939705,0.01,5
Still 1,R->L,0.049704169,0.008382984,0.007371147,0.02,5
Still 1,L->R,0.051037695,0,0.008720069,0.09,6
Still 1,R->L,0.04660338,0.00206832,0.008937156,0.23,6
Still 1,L->R,0.051683218,0,0.007736333,0.19,7
Still 1,R->L,0.04003202,0,0.008946264,0.84,7
Still 1,L->R,0.048746812,0,0.009797084,0.51,8
Still 1,R->L,0.038432756,0,0.009361202,0.99,8
Still 1,L->R,0.042491868,0,0.008639852,0.92,9
Still 1,R->L,0.039919177,0,0.010002004,0.98,9
Still 1,L->R,0.039882414,0,0.009499004,0.99,10
Still 1,R->L,0.039940593,0,0.010296074,1,10
Still 1,L->R,0.032846967,0,0.007721716,1,11
Still 1,R->L,0.03568368,0,0.011034782,1,11
Still 1,L->R,0.027558966,0,0.009421154,1,12
Still 1,R->L,0.033603088,0,0.009286536,1,12
Still 1,L->R,0.02552255,0,0.007416148,1,13
Still 1,R->L,0.030636524,0,0.00924864,1,13
Still 1,L->R,0.024358172,0,0.008239338,1,14
Still 1,R->L,0.025403193,0,0.00974449,1,14
Still 1,L->R,0.022627691,0,0.006884096,1,15
Still 1,R->L,0.025926202,0,0.009131812,1,15
Still 1,L->R,0.022070537,0,0.00749599,1,16
Still 1,R->L,0.026743707,0,0.009081334,1,16
Still 1,L->R,0.023120439,0,0.007523807,1,17
Still 1,R->L,0.029269446,0,0.008402356,1,17
Still 1,L->R,0.021347194,0,0.007417003,1,18
Still 1,R->L,0.030033757,0,0.007350478,1,18
Still 1,L->R,0.01964867,0,0.006770471,1,19
Still 1,R->L,0.029095337,0,0.007721702,1,19
Still 1,L->R,0.018910465,0,0.007429026,1,20
Still 1,R->L,0.029204492,0,0.007209302,1,20
Still 2,L->R,0.013083326,0.010250658,0.001274601,0,1
Still 2,R->L,0.004151322,0.001504236,0.001132356,0.06,1
Still 2,L->R,0.013431282,0,0.002133521,0.03,2
Still 2,R->L,0.008383002,0,0.002076346,0.38,2
Still 2,L->R,0.019339258,0,0.004015727,0.16,3
Still 2,R->L,0.013680012,0,0.003677943,0.59,3
Still 2,L->R,0.028288395,0,0.004436143,0.04,4
Still 2,R->L,0.022091239,0,0.005077988,0.48,4
Still 2,L->R,0.039495378,0,0.005637708,0.01,5
Still 2,R->L,0.028075711,0,0.007065357,0.58,5
Still 2,L->R,0.043952938,0,0.006066744,0.04,6
Still 2,R->L,0.034040068,0,0.009576048,0.71,6
Still 2,L->R,0.04578648,0,0.007728955,0.18,7
Still 2,R->L,0.035529018,0,0.009069897,0.88,7
Still 2,L->R,0.046515587,0,0.008210551,0.38,8
Still 2,R->L,0.039945557,0,0.009909271,0.94,8
Still 2,L->R,0.045607687,0,0.008697881,0.65,9
Still 2,R->L,0.038397133,0,0.010144503,0.98,9
Still 2,L->R,0.045904959,0,0.007283553,0.63,10
Still 2,R->L,0.040367924,0,0.010497333,1,10
Still 2,L->R,0.044687904,0,0.007578983,0.89,11
Still 2,R->L,0.038042099,0,0.009816058,1,11
Still 2,L->R,0.040727377,0,0.008068735,0.97,12
Still 2,R->L,0.041046337,0,0.010258842,1,12
Still 2,L->R,0.037723285,0,0.008103888,0.99,13
Still 2,R->L,0.040853365,0,0.008446476,1,13
Still 2,L->R,0.038217859,0,0.00777477,1,14
Still 2,R->L,0.039791184,0,0.009508203,1,14
Still 2,L->R,0.036511365,0,0.007755761,1,15
Still 2,R->L,0.039559797,0,0.010071071,1,15
Still 2,L->R,0.03639609,0,0.007298305,1,16
Still 2,R->L,0.039283963,0,0.009184462,1,16
Still 2,L->R,0.043651878,0,0.00728289,0.99,17
Still 2,R->L,0.036575627,0,0.008228426,1,17
Still 2,L->R,0.040726548,0,0.007191568,0.99,18
Still 2,R->L,0.035037642,0,0.009304922,1,18
Still 2,L->R,0.036821092,0,0.006348107,1,19
Still 2,R->L,0.032665889,0,0.007911036,1,19
Still 2,L->R,0.033465845,0,0.006279718,1,20
Still 2,R->L,0.032574232,0,0.007656441,1,20
Still 3,L->R,0.00930235,0.006591874,0.001155941,0,1
Still 3,R->L,0.001788973,0,0.000942047,0.74,1
Still 3,L->R,0.015632846,0.003029973,0.002393366,0.03,2
Still 3,R->L,0.013181445,0.002862284,0.002044079,0.04,2
Still 3,L->R,0.022907647,0,0.003906976,0.1,3
Still 3,R->L,0.021720909,0.001189739,0.0035689,0.17,3
Still 3,L->R,0.035977703,0,0.005661917,0.03,4
Still 3,R->L,0.028206328,0,0.004934703,0.31,4
Still 3,L->R,0.048128724,0,0.006299054,0.01,5
Still 3,R->L,0.034564486,0,0.006521131,0.56,5
Still 3,L->R,0.052280616,0,0.006907892,0.05,6
Still 3,R->L,0.040963477,0,0.007849248,0.65,6
Still 3,L->R,0.055822245,0,0.007394806,0.06,7
Still 3,R->L,0.042921158,0,0.008276812,0.88,7
Still 3,L->R,0.052770863,0,0.008460595,0.47,8
Still 3,R->L,0.041707484,0,0.01078718,0.99,8
Still 3,L->R,0.048367236,0,0.007288643,0.9,9
Still 3,R->L,0.043248068,0,0.010051434,0.99,9
Still 3,L->R,0.046343506,0,0.009164811,0.96,10
Still 3,R->L,0.039590498,0,0.008729991,1,10
Still 3,L->R,0.040368622,0,0.00841001,1,11
Still 3,R->L,0.039354127,0,0.00975066,1,11
Still 3,L->R,0.038218653,0,0.007941715,1,12
Still 3,R->L,0.039885329,0,0.008674265,1,12
Still 3,L->R,0.039751283,0,0.008687377,1,13
Still 3,R->L,0.042143408,0,0.010143231,1,13
Still 3,L->R,0.038519141,0,0.00848558,1,14
Still 3,R->L,0.043531839,0,0.009351501,1,14
Still 3,L->R,0.037895412,0,0.007641416,1,15
Still 3,R->L,0.045081642,0,0.009027583,1,15
Still 3,L->R,0.033887248,0,0.008244394,1,16
Still 3,R->L,0.044694559,0,0.008522263,1,16
Still 3,L->R,0.032865859,0,0.007207271,1,17
Still 3,R->L,0.044478665,0,0.00921146,1,17
Still 3,L->R,0.028662867,0,0.007124203,1,18
Still 3,R->L,0.044571607,0,0.007972629,1,18
Still 3,L->R,0.027349923,0,0.007519543,1,19
Still 3,R->L,0.044897957,0,0.007535325,1,19
Still 3,L->R,0.025855519,0,0.00683999,1,20
Still 3,R->L,0.046167978,0,0.007927505,1,20
